,mean,median,min,max
gdp_per_capita,20520.336827632207,7606.2375253797,250.634225368744,226052.001905201
life_expectancy,72.41651861360718,73.5146341463415,52.997,85.377
unemployment_rate,7.227344086021506,5.334,0.13,35.359
